episode,mean_return,epsilon,mean_latency_ms,mean_sensing_db
0,-0.0209478720863619,0.316227766016838,44.5529428071908,0.218281071226779
1,-0.0208100385151,0.447213595499958,43.7670848764942,-0.125712761131862
2,-0.0149116101657636,0.547722557505166,101.064873131196,-0.0661856000324079
3,-0.0208743321909514,0.632455532033676,70.8760011399344,-1.84366807735197
4,-0.0191429399396618,0.707106781186547,81.2567879228294,-1.41237880446348
5,-0.0169282113073623,0.774596669241483,89.8065095386771,-1.05385423303334
6,-0.0148451763315978,0.836660026534075,106.366137338177,0.134522281745079
7,-0.0197832346223469,0.894427190999916,69.9988888876654,-2.81159009484344
8,-0.0197296694546344,0.948683298050514,75.2434162515102,-2.03385889124915
9,-0.0158161533245606,1,103.18663453241,-0.810882072510773
10,-0.0125124054106938,1.04880884817015,123.993145114085,0.540003074977268
11,-0.0142221831475898,1.09544511501033,104.619294729933,-0.171406436034196
12,-0.0181157801152795,1.14017542509914,87.7498454841133,-1.86172328583294
13,-0.0187010021169992,1.18321595661992,90.9226913191458,-2.51717172207934
14,-0.0203415508141234,1.22474487139159,79.224290690228,-2.71206071995572
15,-0.019875112580906,1.26491106406735,80.1741856388118,-2.81142877864443
16,-0.0198570464732956,1.30384048104053,76.8560222352834,-3.15536698798261
17,-0.0183975145200037,1.34164078649987,84.78930330514,-2.12885852574189
18,-0.0176382196849858,1.37840487520902,91.8907122510083,-2.60763987229673
19,-0.0167961672844173,1.4142135623731,100.711734520396,-1.50807622401117
20,-0.0175569024037461,1.44913767461894,104.230122513869,-1.62796489936755
21,-0.0177308817854102,1.48323969741913,96.7223004825983,-2.19923034144173
22,-0.0198132339299468,1.51657508881031,81.4587263867148,-2.25478595735531
23,-0.0208520675732024,1.54919333848297,67.8373379687275,-3.46185777936151
24,-0.0229206826236099,1.58113883008419,56.1781827123868,-3.34815443845715
25,-0.0220165192884989,1.61245154965971,67.4248069971195,-3.44315556901063
26,-0.0204217474605797,1.6431676725155,73.6857399650291,-3.12519177729122
27,-0.0215102580636392,1.67332005306815,72.0348100551421,-3.6504979645813
28,-0.0212614631402921,1.70293863659264,73.9086088865192,-3.70179546180642
29,-0.0215950267436652,1.73205080756888,64.2242516861397,-3.2516246917216
30,-0.0210161181214568,1.7606816861659,71.4898194411976,-3.49827235481828
31,-0.0221030673033012,1.78885438199983,68.0205544688212,-4.19721483980036
32,-0.0216576190114104,1.8165902124585,67.3893318285907,-3.67846260725817
33,-0.0188387332832566,1.84390889145858,88.0925707719401,-2.15127128429206
34,-0.0190573454216881,1.87082869338697,81.1775204230379,-2.86417584806836
35,-0.0176636465622238,1.89736659610103,102.901652903536,-1.74821158802583
36,-0.0178180245103335,1.92353840616714,91.9505916603389,-2.22116262564139
37,-0.0163484599627613,1.94935886896179,107.611136099138,-1.63281298162377
38,-0.0115286494785207,1.97484176581315,138.914797881866,-0.149759647946189
39,-0.00904574485364059,2,154.594971765222,0.866479260069261
40,-0.00942810776054834,2.02484567313166,152.715791840875,0.899473844841777
41,-0.00911485718954024,2.04939015319192,152.480168078802,1.19107309894176
42,-0.00898102448730229,2.07364413533277,153.061631491161,0.233057719826597
43,-0.0095401717406725,2.0976176963403,145.441880515767,0.798317266930476
44,-0.00859305776254828,2.12132034355964,156.495447304258,0.695544341178663
45,-0.00890185982503228,2.14476105895272,154.762582204187,0.946955651965465
46,-0.00930837780874056,2.16794833886788,155.934970897385,1.54996266177595
47,-0.00891171237558973,2.19089023002067,154.886053635222,1.05937904002033
48,-0.00926479065562881,2.21359436211787,152.703969422113,1.11988599118037
49,-0.00921034490374816,2.23606797749979,147.703320144755,0.847142033989274
50,-0.00945618449587799,2.25831795812724,150.6556417654,0.622945486132733
51,-0.00872390626138226,2.28035085019828,154.654872620817,0.978600474520976
52,-0.00926616374460589,2.30217288664427,147.659311296632,1.33287496667818
53,-0.00797810289099892,2.32379000772445,160.900024594255,1.01751370747528
54,-0.0091051260261308,2.34520787991172,150.738244516879,0.678522187357093
55,-0.00847425109587734,2.36643191323985,156.475920621203,1.50384611695654
56,-0.00856919409729366,2.38746727726267,163.555420254024,1.40871354197788
57,-0.00885373200620661,2.40831891575846,161.344523406088,1.33508028728697
58,-0.00826843331979106,2.42899156029822,166.907594579556,1.60594575859332
59,-0.00880445946596905,2.44948974278318,162.410553137525,1.6080878078613
60,-0.00862527670061841,2.46981780704569,166.481233503153,1.2679751296164
61,-0.0081686489631672,2.48997991959775,161.220432416729,1.14827232623792
62,-0.00830944660671301,2.50998007960223,151.499170767966,1.12667713406042
63,-0.00860115349392225,2.5298221281347,160.974222682367,1.41389104748106
64,-0.00840199310814968,2.54950975679639,171.059651262423,1.41925299033011
65,-0.00839843987127624,2.56904651573303,164.780177602761,1.53786569417499
66,-0.0084071197038186,2.58843582110896,152.961338699778,1.19367530516353
67,-0.00845404883527787,2.60768096208106,163.628792750175,1.45158167994204
68,-0.00838698410096673,2.62678510731274,159.624160025267,1.04385810664453
69,-0.00814796597150468,2.64575131106459,166.64776500419,0.718404821674967
70,-0.00871986463585649,2.66458251889485,154.390758775177,1.16489831075009
71,-0.00856375757406895,2.68328157299975,153.630766418174,0.529955213018397
72,-0.00850241033575045,2.70185121722126,161.288673206601,1.19700392360194
73,-0.00811874123126205,2.72029410174709,167.159365949343,1.37148194326839
74,-0.00850840105172029,2.73861278752583,160.964004568693,1.28156127608883
75,-0.00799743438743279,2.75680975041805,163.590057177885,0.653293514295427
76,-0.00935103186614878,2.77488738510232,149.128365706287,1.16466283211762
77,-0.00817472879897387,2.79284800875379,170.789836474419,1.15076638025238
78,-0.00878493195590768,2.81069386451104,160.220142286701,1.0290470622989
79,-0.00862895196053789,2.82842712474619,159.052870280789,1.3023678596213
80,-0.00923300787442874,2.84604989415154,156.0269369055,1.05977853915119
81,-0.00806831459987643,2.86356421265527,169.431167485351,1.11485233782194
82,-0.00805048510983895,2.88097205817759,163.485167878304,1.44592933594076
83,-0.00798548760384433,2.89827534923789,162.500321167615,0.78760778407668
84,-0.00836959134088592,2.91547594742265,163.793228497867,1.50698177030461
85,-0.00820772800108047,2.93257565972304,173.719495023909,1.23571137244189
86,-0.00858352410470711,2.94957624075053,161.351927660131,0.853617115696259
87,-0.00820059332819774,2.96647939483827,168.057457549535,1.38861722113499
88,-0.00830787760466146,2.98328677803526,169.529813057291,1.22877996393824
89,-0.008017433918797,3,174.975056997186,1.72590910757971
90,-0.00852083627697005,3.01662062579967,161.530554364825,1.55563468826028
91,-0.00828013222652379,3.03315017762062,170.160727447066,1.08036630267375
92,-0.00907373588963069,3.04959013639538,151.56616099201,1.2856732707269
93,-0.00875893032336031,3.06594194335118,159.838394515685,1.13845866490252
94,-0.00862738440748789,3.08220700148449,158.423131139625,1.49022906408135
95,-0.00868019730078169,3.09838667696593,162.458896716343,1.79547609961662
96,-0.00817452663668848,3.11448230047949,161.238985658254,1.40687903865827
97,-0.00842382496749288,3.13049516849971,157.47940595705,0.697302021138983
98,-0.00841037392779582,3.14642654451046,159.836161722833,1.45679459984969
99,-0.00846769703713658,3.16227766016838,160.147854051486,0.950293469333447
100,-0.00815292027427726,3.17804971641414,162.691542854066,1.45436374720322
101,-0.00843644944728451,3.19374388453426,164.1292179914,1.87772495522004
102,-0.00834556299798667,3.20936130717624,164.023166992123,0.625785889885921
103,-0.00807406032084262,3.22490309931942,168.191578939037,1.52763710424933
104,-0.00832026982147502,3.24037034920393,162.490352343244,1.13009765263271
105,-0.00852993540216317,3.25576411921994,165.73297364302,1.28240007744125
106,-0.0085522178060624,3.27108544675923,165.481253296069,1.46921024112988
107,-0.00870153615565692,3.286335345031,155.673896352883,0.926013941376919
108,-0.00866856402816778,3.30151480384384,159.401518057042,1.28924850444978
109,-0.00889410722993597,3.3166247903554,159.401584252701,1.47687508188567
110,-0.00855085565602151,3.33166624979154,158.909326357097,1.1895136016212
111,-0.00874027022028671,3.3466401061363,162.054039185811,1.41066047287069
112,-0.00869199622608539,3.36154726279432,162.763108107505,1.55678065841046
113,-0.0084572678736877,3.37638860322683,162.246871262951,1.61214289640079
114,-0.00838212619677152,3.39116499156264,162.204671895139,1.16673815478554
115,-0.00812951778017366,3.40587727318528,164.011506464364,1.3154846392859
116,-0.00863760196667136,3.42052627529742,157.263429603314,0.94418565444008
117,-0.00838794070485937,3.43511280746354,150.294888339626,1.44296042500975
118,-0.00834383555054137,3.44963766213207,166.296873697877,1.47860281842019
119,-0.00817254282836301,3.46410161513776,164.365756181506,1.0479601065522
120,-0.00860441375149722,3.47850542618522,166.560994860393,1.3282599853858
121,-0.00836871920725869,3.4928498393146,161.199943878433,0.609600465999376
122,-0.00920507479139777,3.50713558335004,154.299972623034,1.54913723660383
123,-0.00846915301285643,3.5213633723318,162.303027163045,1.01809092211902
124,-0.00894570613634314,3.53553390593274,159.770484130559,1.43322139028906
125,-0.00894283680251346,3.54964786985977,151.47019444344,0.913727686904549
126,-0.00920299171130071,3.56370593624109,151.380614930079,1.28941367434619
127,-0.00961625385725547,3.57770876399967,144.212283739797,1.05600518574563
128,-0.0103979897683955,3.5916569992136,139.749858332887,1.16976424899504
129,-0.00927591552067138,3.60555127546399,157.881420981571,1.3673920318471
130,-0.0101214044256595,3.61939221417077,147.076935544385,1.77268183653016
131,-0.00917188400886173,3.63318042491699,150.902793145145,1.42780453793257
132,-0.00949811024767869,3.6469165057621,152.647218053004,1.29542375893431
133,-0.00944918468053792,3.66060104354463,150.866947978177,0.738619662977377
134,-0.00923515756023966,3.67423461417477,147.396097158254,1.23018957031054
135,-0.00876402368514336,3.68781778291716,163.321193591409,1.8834213767665
136,-0.00897097048945846,3.70135110466435,156.225383111385,0.800542478822591
137,-0.00844073166323034,3.71483512420134,159.984747252948,0.720982226064149
138,-0.00830407073090887,3.72827037646145,160.530731745516,1.22658228651632
139,-0.00821467530233972,3.74165738677394,158.826965152089,0.366571746253264
140,-0.00893009443438948,3.75499667110372,159.865284790772,1.30020814457635
141,-0.008564053680615,3.76828873628336,165.651670811597,1.37080196173642
142,-0.00901140901718129,3.78153408023781,155.628520050495,1.07929155411835
143,-0.00829595338655241,3.79473319220206,165.302366887138,1.12446174076755
144,-0.00904893874303237,3.80788655293196,156.024411031198,0.806733942949194
145,-0.00812244282674043,3.82099463490856,163.837413877971,1.28034017170293
146,-0.00858730655862891,3.83405790253616,157.443456154848,1.49059546691643
147,-0.00786259803599964,3.84707681233427,161.801837088985,0.930340709291674
148,-0.00853046678003983,3.86005181312376,171.321833341824,1.75891494448329
149,-0.00859824580409897,3.87298334620742,152.19324548543,0.889587645972686
150,-0.00832333923587849,3.88587184554509,161.768444082621,1.55760417938132
151,-0.00828654334571281,3.89871773792359,168.327772394823,1.52863918244458
152,-0.00870068184600397,3.91152144312159,159.983335982052,1.84636786924584
153,-0.00851168824034915,3.92428337406972,161.910480234303,1.16447197755787
154,-0.00900821763027052,3.93700393700591,153.60609477847,0.671844806921701
155,-0.00844110603178302,3.9496835316263,159.431852678909,1.09336961688185
156,-0.00829755121083453,3.96232255123179,170.100079848011,1.61159854760574
157,-0.00889697612784468,3.97492138287036,153.323113436372,0.865221597377725
158,-0.00843005974790526,3.98748040747538,165.688243274019,1.15573124873165
159,-0.00828824108289354,4,153.475049256495,0.633575698649929
160,-0.00831944929216276,4.01248052954778,164.358822918902,1.34020851362028
161,-0.00810644252970335,4.02492235949962,170.199187846751,1.43085472010608
162,-0.0081884120683485,4.03732584763727,162.722469351255,1.35298570437785
163,-0.00852861592791571,4.04969134626332,154.89277338162,0.753224737614999
164,-0.00845155498952898,4.06201920231798,158.933659151217,1.2367582417347
165,-0.00870809977093028,4.07430975749268,164.542095268122,1.13000666454196
166,-0.0082936065334261,4.08656334834051,162.448435071617,0.944592815115661
167,-0.00932640884055522,4.09878030638384,158.955291593795,1.27209895111721
168,-0.00870918437562928,4.1109609582189,157.001508847256,1.38276891893616
169,-0.00805606912790943,4.12310562561766,164.940348073743,1.45015723545554
170,-0.00874574202917002,4.13521462562707,159.679796820999,1.5541246014594
171,-0.00829288446422597,4.14728827066555,164.628362274861,1.66848494925082
172,-0.00856846818529274,4.15932686861709,158.342993384503,1.37281699104049
173,-0.00831271607079755,4.17133072292284,159.634182557759,0.498993274417725
174,-0.00808294351610344,4.18330013267038,156.628679361694,1.03105185578975
175,-0.00837508349658869,4.19523539268061,153.480003809479,0.913199830407671
176,-0.00841592627933385,4.20713679359253,161.548265147236,1.13890121349557
177,-0.00854127429206931,4.2190046219458,160.500947775641,1.02547970466306
178,-0.00832392042664258,4.23083916026124,164.815434159452,1.35809383145265
179,-0.00892710496081785,4.24264068711929,152.243424573393,1.64271283253635
180,-0.00887114710838045,4.25440947723653,151.214947172714,0.986724616281627
181,-0.00867002834115783,4.26614580154031,157.267548808394,0.927848649917583
182,-0.00816462921521001,4.27784992724149,159.731511277502,0.905095409315143
183,-0.008433175591796,4.28952211790545,162.433914956279,1.20787073952464
184,-0.0085182885287368,4.30116263352132,166.246638346602,1.62907269243221
185,-0.00873404630271631,4.31277173056957,157.314615810015,1.57536628487613
186,-0.00831357345930361,4.32434966208793,165.573885761537,1.57166757352752
187,-0.00860998032441051,4.33589667773576,153.850729508303,1.34783017387683
188,-0.00879405378293719,4.34741302385683,160.323940570455,1.20483245021274
189,-0.00862793050390844,4.35889894354068,164.506319094312,1.53280970621194
190,-0.00848181518127548,4.37035467668243,162.054128159661,0.99478162884507
191,-0.00818359383035165,4.38178046004133,170.966851978073,1.05866934183002
192,-0.00926119543272334,4.39317652729776,149.35023608458,0.936976986305736
193,-0.00873426593666789,4.40454310910905,153.957420831202,0.886857948612113
194,-0.0082932004699635,4.41588043316393,159.089982110984,1.59014346602586
195,-0.00820623941998768,4.42718872423573,165.41511019083,1.05470652377116
196,-0.00817865055444767,4.43846820423443,166.692210826095,0.900042516272862
197,-0.0085943361663929,4.4497190922574,156.997309560276,0.783706147798027
198,-0.00847348722472422,4.4609416046391,165.419845824415,1.14955918838747
199,-0.00856053345838099,4.47213595499958,158.678360083702,1.43238817672734
200,-0.00833395876770634,4.48330235429198,168.899127474084,1.27699369712926
201,-0.00816336610303198,4.49444101084885,163.013893997613,1.1476995918663
202,-0.00823759964035675,4.50555213042753,168.874915749942,1.39375767229809
203,-0.00868488390509788,4.51663591625449,149.579266488197,1.17917045719937
204,-0.00872998536953238,4.52769256906871,163.164030898069,1.56700934155519
205,-0.00871334656826007,4.53872228716409,156.004583438544,1.12449736102188
206,-0.00896909809921102,4.54972526643093,162.678395002162,1.64851083483097
207,-0.00873560622235584,4.56070170039656,157.006804824,0.926156321730603
208,-0.00818256499374671,4.57165178026499,165.010838866943,1.03122601752983
209,-0.00865469581944961,4.58257569495584,158.404401018655,1.45826712176628
210,-0.00829421517444254,4.59347363114234,163.085020970555,1.15917612987157
211,-0.00863662229771403,4.60434577328854,159.811492965818,1.17698430148136
212,-0.00843318094638688,4.61519230368573,151.254139674706,0.498374150003403
213,-0.00876774635866131,4.62601340248815,158.797755591344,1.31916789909577
214,-0.00796299625795126,4.63680924774785,167.326054784684,1.05960156883953
215,-0.00841005546470407,4.6475800154489,162.917025536264,1.08057726709936
216,-0.00854974550285839,4.65832587954085,161.625644558791,1.53751228674097
217,-0.00890672612891362,4.6690470119715,155.109565477188,1.33473201117733
218,-0.00802018736559157,4.67974358271904,170.658415939698,1.65299651143313
219,-0.00868933755871244,4.69041575982343,155.285938234131,1.13957895392909
220,-0.00845329575760052,4.70106370941727,157.338547884587,0.934620475629849
221,-0.00892746973086421,4.7116875957559,153.858926833605,1.06077580043634
222,-0.00850854832197158,4.72228758124704,164.047538571445,1.04740504844514
223,-0.00853075047812199,4.7328638264797,155.394489317829,0.869801575388193
224,-0.00837588444262543,4.74341649025257,171.003725416675,1.30549919236426
225,-0.00849478395291558,4.75394572960189,158.55264751436,1.36076561550466
226,-0.00893547264307245,4.76445169982864,157.076333276288,1.36697411961706
227,-0.00819246229304132,4.77493455452533,162.828873477617,1.18112365256974
228,-0.00916213165279562,4.78539444560216,161.070459206029,1.42519299681499
229,-0.00851218254292075,4.79583152331272,154.664016086495,0.872963198892284
230,-0.00833620609190756,4.80624593627917,163.852568775558,1.42182871069696
231,-0.00799742318008806,4.81663783151692,168.60809654474,1.74871850006667
232,-0.00807925816696679,4.82700735445887,172.062971198575,0.856569622742822
233,-0.00835453124941995,4.83735464897913,158.906119162512,0.986841407077778
234,-0.00836689594455109,4.84767985741633,159.02603951913,0.845195620005886
235,-0.00827879044808836,4.85798312059645,166.003341496217,1.18670164044498
236,-0.0087111447977017,4.86826457785524,157.236568138325,1.42522455022143
237,-0.00805347820180328,4.87852436706019,167.219953307462,1.15015437037704
238,-0.00933739307444754,4.88876262463213,154.851639661633,1.62312235193068
239,-0.00824906756465192,4.89897948556636,163.645109273115,1.33245308419955
240,-0.008708781690691,4.90917508345343,160.041971518074,0.664521481366024
241,-0.00971446185725327,4.91934955049954,152.062024816093,0.956822439237058
242,-0.00877428320119648,4.92950301754649,160.781936027963,1.18508537264905
243,-0.00903306730037921,4.93963561409139,159.505777160664,1.07072858082486
244,-0.00881152534264611,4.94974746830583,155.378418866593,0.838814186880696
245,-0.00920523954152943,4.9598387070549,150.736206534745,0.468005968623394
246,-0.00881507304332359,4.96990945591567,157.563123150013,1.08597737888787
247,-0.00970428798882118,4.97995983919549,153.106808320744,0.600951938502542
248,-0.00934958221222251,4.98998997994986,152.711798168986,0.732144136199568
249,-0.00999543352592992,5,156.282769588526,0.938286306063907
