episode,baseline_loss,proposed_loss,baseline_reward,proposed_reward,baseline_latency_ms,proposed_latency_ms,baseline_throughput_mbps,proposed_throughput_mbps,v2v_warning_success_rate,v2v_warnings_attempted,v2v_warnings_delivered,edge_utilization_rate,grover_action_latency_ms,grover_action_match_rate,grover_uav_match_rate,grover_path_match_rate,grover_resource_match_rate,privacy_epsilon,privacy_epsilon_mean_over_clients,fed_rounds_so_far
0,0.1022906231713326,0.1450573668892806,-0.3714471195682747,-0.4265549247781939,92.86177989206868,106.63873119454847,13.783927052525993,12.003143563897124,0.2222222222222222,27,6,0.1217852442835768,17.349889203567677,1.0,1.0,1.0,1.0,1.2649110640673518,1.2649110640673518,12
1,0.12321805541675228,0.03764969373393493,-0.3848434793949647,-0.40347115380229054,96.21086984874118,100.86778845057262,13.304110045074575,12.689878698264783,0.08571428571428572,35,3,0.14621042367070913,17.3135794706397,1.0,1.0,1.0,1.0,1.7888543819998317,1.7888543819998317,24
2,6.788228301244089,3.952296604082221,-1.1452892602043343,-0.883208069446917,286.32231505108354,220.8020173617292,4.470486346031506,5.797048483950389,0.29411764705882354,34,10,0.1423962637782097,21.599794074899467,1.0,1.0,1.0,1.0,2.1908902300206643,2.1908902300206643,36
3,0.9212203108278724,0.5053102558692141,-0.5833684165164351,-0.5060273380602128,145.84210412910878,126.50683451505323,8.776615008700517,10.118030420306587,0.35714285714285715,42,15,0.14132724764446417,18.113878391057142,1.0,1.0,1.0,1.0,2.5298221281347035,2.5298221281347035,48
4,0.685285830947881,0.9383320161432493,-0.5840381579583689,-0.5954326935548341,146.0095394895922,148.85817338870854,8.766550490293412,8.598788839478617,0.7111111111111111,45,32,0.1440995450442036,18.5725868265099,1.0,1.0,1.0,1.0,2.82842712474619,2.82842712474619,60
5,6.184489416084641,4.430756136852627,-1.0940922133703908,-0.9610948537877663,273.5230533425977,240.2737134469415,4.679678675554828,5.32725774133697,0.2413793103448276,29,7,0.15349023323506117,22.15710403658292,1.0,1.0,1.0,1.0,3.098386676965933,3.098386676965933,72
6,4.2406776768233,2.7244690256969384,-1.01261169807234,-0.8772979376430446,253.15292451808503,219.32448441076113,5.0562323245393035,5.836101716773017,0.43243243243243246,37,16,0.149552040733397,21.605055451485896,1.0,1.0,1.0,1.0,3.346640106136302,3.346640106136302,84
7,4.29653189740687,4.60995395211891,-0.8618402224560017,-0.8935833755562924,215.46005561400042,223.39584388907315,5.94077633718399,5.729739540882336,0.4444444444444444,36,16,0.14149233823021254,20.547727990810174,1.0,1.0,1.0,1.0,3.5777087639996634,3.5777087639996634,96
8,2.9369326170611507,3.7979571504207947,-0.8006780332541638,-0.8369021574701314,200.1695083135409,209.2255393675329,6.394580327364533,6.117799977332153,0.6285714285714286,35,22,0.14295787985126177,19.94531836072387,1.0,1.0,1.0,1.0,3.794733192202055,3.794733192202055,108
9,3.9472397927893326,2.4002213194132005,-0.8280424383016878,-0.7087116061584382,207.0106095754219,177.17790153960956,6.183257962600448,7.224377243873415,0.8958333333333334,48,43,0.14981841637442508,18.991499749356564,1.0,1.0,1.0,1.0,3.9999999999999996,3.9999999999999996,120
10,4.782004266860895,6.007382713898551,-1.0074348233096464,-1.1003824352915832,251.85870582741163,275.0956088228958,5.082214632187983,4.652927778371238,0.5581395348837209,43,24,0.14023163417975107,22.240317099451076,1.0,1.0,1.0,1.0,4.195235392680606,4.195235392680606,132
11,8.052363785953881,5.235906074129161,-1.1420968804257259,-0.9761169918223643,285.5242201064314,244.02924795559105,4.4829822125873235,5.245272895456109,0.918918918918919,37,34,0.13317400589585304,20.15991381275005,1.0,1.0,1.0,1.0,4.381780460041329,4.381780460041329,144
12,3.106685712817125,1.2328107741777785,-0.7352969773958794,-0.7158655801448256,183.8242443489698,178.96639503620642,6.963172918421265,7.152180719408496,0.7735849056603774,53,41,0.13945234815279642,19.927067174289718,1.0,1.0,1.0,1.0,4.560701700396551,4.560701700396551,156
13,2.760918788611889,1.9093773337178088,-0.7403272552462798,-0.7157140629932286,185.08181381157,178.92851574830715,6.915860470781617,7.153694840908052,0.7777777777777778,36,28,0.15246267771969238,19.525008370772923,1.0,1.0,1.0,1.0,4.732863826479693,4.732863826479693,168
14,1.7736177331826184,1.7518546067779728,-0.61084935882506,-0.6172991390150583,152.71233970626503,154.3247847537646,8.381771914843421,8.29419591961411,0.8809523809523809,42,37,0.15689014860739312,18.123701580734103,1.0,1.0,1.0,1.0,4.898979485566356,4.898979485566356,180
15,1.5361484490858857,3.175362551167685,-0.6217983148012286,-0.7456466160303398,155.44957870030717,186.41165400758496,8.234181209765289,6.866523484352098,0.8695652173913043,46,40,0.14650701296826205,18.8020469559826,1.0,1.0,1.0,1.0,5.059644256269407,5.059644256269407,192
16,0.6282034794373127,0.7938266364896359,-0.5591246605893874,-0.5811129586937103,139.78116514734685,145.27823967342755,9.157170772261912,8.81067944433609,0.7346938775510204,49,36,0.12519069015979767,17.629363179154087,1.0,1.0,1.0,1.0,5.215361924162119,5.215361924162119,204
17,2.2703912764554843,1.3163735688625213,-0.718831387383139,-0.5786913834333115,179.70784684578476,144.67284585832786,7.122671727842939,8.847548359237027,0.8095238095238095,42,34,0.1513452154273788,18.075685735300382,1.0,1.0,1.0,1.0,5.366563145999495,5.366563145999495,216
18,1.2830695142232191,2.2047221710454323,-0.6841753938255583,-0.6995130488916103,171.0438484563896,174.87826222290258,7.483461179993015,7.319377398481305,0.7222222222222222,36,26,0.14056087533632913,19.21582907241474,1.0,1.0,1.0,1.0,5.513619500836089,5.513619500836089,228
19,4.433868386976731,0.7740319119087266,-0.9302978644059673,-0.7025884627494289,232.57446610149182,175.6471156873572,5.503613623008074,7.287338565116743,0.8378378378378378,37,31,0.13825601634259024,19.97385100586529,1.0,1.0,1.0,1.0,5.656854249492381,5.656854249492381,240
20,2.724524982001943,3.964906756843751,-0.7800425665974368,-0.8547986447058419,195.01064164935917,213.6996611764605,6.563744363764091,5.989714690951485,0.95,40,38,0.14722311745087305,19.723237623903728,1.0,1.0,1.0,1.0,5.796550698475776,5.796550698475776,252
21,3.292895333841443,4.1382443920398755,-0.8913240260015852,-0.8763611775830737,222.83100650039637,219.0902943957684,5.744263422324591,5.842340043086465,0.7551020408163265,49,37,0.14544131141155958,20.211392189484908,1.0,1.0,1.0,1.0,5.9329587896765315,5.9329587896765315,264
22,0.6266116787252637,0.5020163924133764,-0.6176393824359622,-0.5612683896362405,154.40984560899054,140.31709740906012,8.289626836628814,9.122195538783657,0.925,40,37,0.14579169421146312,17.875634399345937,1.0,1.0,1.0,1.0,6.066300355241242,6.066300355241242,276
23,1.9718613045212503,1.4525494591992658,-0.5987853919544613,-0.5850532473671431,149.69634798861534,146.26331184178582,8.550642799230788,8.751340195172022,0.9666666666666667,60,58,0.1367837811509768,17.417242230626613,1.0,1.0,1.0,1.0,6.196773353931868,6.196773353931868,288
24,1.1432245560766507,0.5913026178459404,-0.5594899611361163,-0.508438671204285,139.87249028402906,127.10966780107127,9.151191899141821,10.070044412382709,0.8421052631578947,19,16,0.14775105565786362,18.26055712128286,1.0,1.0,1.0,1.0,6.32455532033676,6.32455532033676,300
25,0.46722955245058984,0.8116161476452058,-0.5546961504657626,-0.541561999173486,138.67403761644064,135.3904997933715,9.230278587116356,9.454134536422375,1.0,44,44,0.14321140727649131,17.55649632482216,1.0,1.0,1.0,1.0,6.449806198638841,6.449806198638841,312
26,0.9523714388293835,1.0609702519723214,-0.6540245825249201,-0.6909431166649819,163.50614563123005,172.73577916624546,7.82845192184334,7.4101613816098535,0.8888888888888888,36,32,0.14967241045087576,18.457103902503444,1.0,1.0,1.0,1.0,6.572670690061995,6.572670690061995,324
27,0.7558922209621718,0.994807769660838,-0.5576453431475807,-0.5580139665681355,139.4113357868952,139.50349164203388,9.181462847157665,9.175397582767904,0.9038461538461539,52,47,0.14939054350058237,17.180972535978388,1.0,1.0,1.0,1.0,6.693280212272605,6.693280212272605,336
28,0.9563180341695746,0.4859952191764023,-0.5353742767529639,-0.49618941059625055,133.84356918824096,124.04735264906263,9.563403066454212,10.318640202029917,1.0,35,35,0.14974193895856538,17.42514783650927,1.0,1.0,1.0,1.0,6.811754546370562,6.811754546370562,348
29,0.81139810164071,2.586869943081789,-0.5462134275624853,-0.5958963682904018,136.55335689062133,148.97409207260046,9.373625293044055,8.592098009741248,1.0,31,31,0.14362171664834023,18.030969623791265,1.0,1.0,1.0,1.0,6.9282032302755105,6.9282032302755105,360
30,0.8607896919905519,0.21961108688265085,-0.5854403901349711,-0.5397358671012625,146.36009753374276,134.9339667753156,8.74555306787016,9.486121475487217,1.0,39,39,0.14301784647007784,17.752617252320203,1.0,1.0,1.0,1.0,7.0427267446636055,7.0427267446636055,372
31,2.165378595353104,0.4936419674110463,-0.5817053015204093,-0.5217577043660321,145.42632538010233,130.439426091508,8.801707645809316,9.81298399076084,1.0,37,37,0.14198326412588358,17.371402926615314,1.0,1.0,1.0,1.0,7.155417527999329,7.155417527999329,384
32,0.8235438264673576,1.3116435787427083,-0.5735950407596625,-0.6063179787852722,143.3987601899156,151.57949469631805,8.926158066532677,8.444413952984974,1.0,35,35,0.15527827168504396,18.0653023911189,1.0,1.0,1.0,1.0,7.266360849833982,7.266360849833982,396
33,1.4795447820797563,1.5616566985020957,-0.6280579484918679,-0.6722983336222699,157.01448712296698,168.0745834055675,8.152114008419868,7.615666652651062,0.8846153846153846,52,46,0.16230479658891758,18.230540478763135,1.0,1.0,1.0,1.0,7.375635565834312,7.375635565834312,408
34,2.229783385390571,1.8205149439163506,-0.6852461006084715,-0.8018119914686445,171.31152515211787,200.45299786716112,7.471768165413334,6.385536827183037,1.0,17,17,0.14717191675057015,19.420423137740816,1.0,1.0,1.0,1.0,7.483314773547884,7.483314773547884,420
35,1.9221869384637102,1.0611036020175864,-0.8144404126217127,-0.7951732068050908,203.61010315542822,198.79330170127272,6.286524981635596,6.438848739096148,1.0,45,45,0.14758071737984815,19.17917588693495,1.0,1.0,1.0,1.0,7.589466384404112,7.589466384404112,432
36,0.5776231153480088,1.580866105039604,-0.6521195907722416,-0.7015411730808999,163.0298976930604,175.385293270225,7.851320635739349,7.298217405423152,1.0,43,43,0.14269914493585625,19.698499036362858,1.0,1.0,1.0,1.0,7.69415362466854,7.69415362466854,444
37,4.6421948094309,5.4020219637677656,-1.0519627977035206,-1.0454673955579123,262.99069942588017,261.3668488894781,4.867092269020517,4.8973311092764575,1.0,29,29,0.1398016568273306,22.124847975027052,1.0,1.0,1.0,1.0,7.797435475847173,7.797435475847173,456
38,6.034507982743283,6.271453071909491,-1.2246303465520467,-1.3122868621539485,306.15758663801165,328.0717155384871,4.180853442359474,3.901585962383396,1.0,30,30,0.13836630961547294,23.10427427384211,1.0,1.0,1.0,1.0,7.899367063252602,7.899367063252602,468
39,10.487775680259801,6.135014717855181,-1.6507664626498457,-1.39914707030488,412.6916156624615,349.78676757622,3.10158954391481,3.65937227662874,0.9534883720930233,43,41,0.1414112214309474,24.78383038980336,1.0,1.0,1.0,1.0,8.000000000000002,8.000000000000002,480
40,10.896661278946945,3.670588383819753,-1.5473366270808029,-1.108218454316608,386.8341567702007,277.05461357915203,3.308911526032551,4.620027739167447,1.0,34,34,0.13216408683607975,23.738622756803494,1.0,1.0,1.0,1.0,8.099382692526637,8.099382692526637,492
41,8.687251454607273,5.308605932720336,-1.4905699084888393,-1.2529586835069704,372.64247712220987,313.2396708767426,3.4349277889225114,4.086327879279602,1.0,42,42,0.13394128438085318,23.880764256150155,1.0,1.0,1.0,1.0,8.197560612767681,8.197560612767681,504
42,8.719662306131795,7.99253352432667,-1.683405358243813,-1.5679973445428825,420.85133956095336,391.99933613572057,3.041454023492809,3.265311652356549,0.9130434782608695,46,42,0.1381377031405767,26.510364844980696,1.0,1.0,1.0,1.0,8.294576541331091,8.294576541331091,516
43,6.765383882719713,6.325334303022828,-1.57292374696756,-1.524716544078989,393.23093674189,381.1791360197473,3.255084685364341,3.3580012100496717,0.9166666666666666,48,44,0.13993222545832396,25.484611006954623,1.0,1.0,1.0,1.0,8.390470785361215,8.390470785361215,528
44,3.8974021517982087,5.348765678393344,-1.2418711162259664,-1.2879706306552026,310.46777905649157,321.9926576638007,4.122811081684247,3.9752459241989144,1.0,42,42,0.14224719007809958,23.112694211933995,1.0,1.0,1.0,1.0,8.485281374238573,8.485281374238573,540
45,13.742430108754585,12.643632365739904,-1.9440902839488832,-1.8650236342823259,486.02257098722083,466.2559085705813,2.633622544319357,2.7452735214104744,1.0,37,37,0.14067515234152475,27.544084377540003,1.0,1.0,1.0,1.0,8.57904423581089,8.57904423581089,552
46,7.223990865633823,4.41256469678289,-1.4566956672021905,-1.2140185150144451,364.1739168005476,303.5046287536113,3.5148041662221408,4.217398611864728,1.0,35,35,0.13142821534226337,23.152658626505985,1.0,1.0,1.0,1.0,8.671793355471523,8.671793355471523,564
47,7.245112301199697,7.771462998027952,-1.674242633754502,-1.6096660587060683,418.5606584386255,402.416514676517,3.058099164825567,3.180783972121347,1.0,38,38,0.1414441199352344,26.323235709056547,1.0,1.0,1.0,1.0,8.76356092008266,8.76356092008266,576
48,7.177296025212854,4.810253867607874,-1.3821356459243734,-1.1682265135828478,345.5339114810933,292.056628395712,3.7044120923281305,4.382711692013744,1.0,31,31,0.130676776325951,23.424053753377663,1.0,1.0,1.0,1.0,8.854377448471466,8.854377448471466,588
49,8.953194048061656,10.23328556488923,-1.6139302537141613,-1.7538630489994542,403.4825634285403,438.46576224986364,3.1723799638908,2.9192701236968657,1.0,33,33,0.13606581402321657,27.233252688104226,1.0,1.0,1.0,1.0,8.944271909999163,8.944271909999163,600
50,7.570325806814556,5.702946781937499,-1.5700684345321694,-1.3350797968402581,392.51710863304226,333.76994921006457,3.26100435330744,3.834976764772814,1.0,56,56,0.12242425000295043,23.894398609066126,1.0,1.0,1.0,1.0,9.033271832508975,9.033271832508975,612
51,7.2567186378097785,6.4889135369642945,-1.5307376145199665,-1.3462838749314299,382.68440362999155,336.57096873285747,3.344792700874221,3.803061223072865,1.0,34,34,0.13847115635871887,23.894335780854913,1.0,1.0,1.0,1.0,9.121403400793108,9.121403400793108,624
52,10.307656962657347,9.73971039390502,-1.825501136164802,-1.7028488064922451,456.3752840412005,425.7122016230614,2.8047092924612556,3.0067261288727427,1.0,34,34,0.1405510458474358,26.46105146055174,1.0,1.0,1.0,1.0,9.208691546577075,9.208691546577075,636
53,7.004150681818525,6.107336773129646,-1.5319313175366116,-1.4608934921857022,382.9828293841529,365.2233730464256,3.3421863900746565,3.504704502680588,1.0,41,41,0.14045878623922667,25.15698906477445,1.0,1.0,1.0,1.0,9.295160030897804,9.295160030897804,648
54,7.352863736528282,7.880232237745076,-1.5141918602546884,-1.5084996270616777,378.5479650636721,377.1249067654194,3.38134164790637,3.3941009385418037,1.0,26,26,0.14465935342013836,25.7618397688869,1.0,1.0,1.0,1.0,9.380831519646863,9.380831519646863,660
55,8.615303398575634,5.018056445832674,-1.6760164162893216,-1.4029025186729251,419.0041040723304,350.7256296682313,3.0548626792902263,3.6495764544234057,1.0,27,27,0.13376510639985403,24.849178224323214,1.0,1.0,1.0,1.0,9.465727652959389,9.465727652959389,672
56,11.525400636174405,11.012879211766025,-2.00534577135498,-1.8737694798011415,501.3364428387449,468.44236995028535,2.5531756533640078,2.7324599184651963,1.0,36,36,0.13471797915796438,27.8104558141094,1.0,1.0,1.0,1.0,9.549869109050661,9.549869109050661,684
57,8.748559765090855,4.776028194484145,-1.4519442480119376,-1.1627520797782873,362.9860620029844,290.68801994457186,3.526306197369849,4.403346241252286,1.0,51,51,0.12306054309010506,23.453080463921697,1.0,1.0,1.0,1.0,9.63327566303384,9.63327566303384,696
58,7.9019754171992345,2.890032061957754,-1.5810698942220967,-1.2024323064696665,395.2674735555242,300.6080766174166,3.238313510813571,4.258035959656047,1.0,29,29,0.12223765657593806,24.096886675992646,1.0,1.0,1.0,1.0,9.7159662411929,9.7159662411929,708
59,8.832268626157505,4.048667709013292,-1.6157375522815958,-1.2615160666701277,403.93438807039894,315.3790166675319,3.168831468186159,4.058608633907175,1.0,37,37,0.15157024438182512,23.458685136417575,1.0,1.0,1.0,1.0,9.797958971132717,9.797958971132717,720
60,8.366802958616367,10.346578303705124,-1.6644305413049445,-1.6851179395055873,416.10763532623605,421.2794848763968,3.076127163579818,3.0383630011690492,1.0,31,31,0.15568224682162204,26.35246605933112,1.0,1.0,1.0,1.0,9.879271228182779,9.879271228182779,732
61,6.403901164342339,6.654095666269616,-1.4867151458241554,-1.3845569408704526,371.67878645603884,346.1392352176131,3.4438338873326977,3.6979338652414864,1.0,57,57,0.14958962053060532,23.662075194946524,1.0,1.0,1.0,1.0,9.95991967839099,9.95991967839099,744
62,5.606877082725987,3.782382191896128,-1.491117205042274,-1.224958199136928,372.77930126056845,306.239549784232,3.433667040180685,4.179734462455463,1.0,30,30,0.1407128662491838,24.320105098080536,1.0,1.0,1.0,1.0,10.03992031840891,10.03992031840891,756
63,9.065901578442814,5.9179158210645255,-1.682399241471133,-1.4489930834698501,420.5998103677833,362.2482708674625,3.0432728889742844,3.5334882260026563,1.0,35,35,0.13808318475882211,25.6644735945133,1.0,1.0,1.0,1.0,10.119288512538818,10.119288512538818,768
64,6.699965196816872,6.098549042207499,-1.5545256364153246,-1.507964179451375,388.6314091038312,376.9910448628437,3.293609240055069,3.39530611520411,1.0,40,40,0.13733237267782292,26.092084804833593,1.0,1.0,1.0,1.0,10.198039027185574,10.198039027185574,780
65,12.170306907879421,5.150001208014146,-1.9561358572582777,-1.4840385035715002,489.0339643145694,371.00962589287514,2.6174051158063216,3.450045256695269,1.0,23,23,0.12947531075527272,27.83418052296589,1.0,1.0,1.0,1.0,10.276186062932108,10.276186062932108,792
66,7.668838752278437,5.349037588535187,-1.539186237675775,-1.2805821484426443,384.7965594189438,320.14553711066105,3.3264330687697536,3.998181613125398,0.9302325581395349,43,40,0.13296487710128227,23.341771561165444,1.0,1.0,1.0,1.0,10.353743284435833,10.353743284435833,804
67,5.33641482066984,3.2377333087303364,-1.2680797180490013,-1.1632546931585384,317.01992951225037,290.81367328963455,4.037601049149617,4.401443665013612,1.0,39,39,0.13758667930960655,23.40638533861565,1.0,1.0,1.0,1.0,10.430723848324243,10.430723848324243,816
68,10.290432783542201,7.669793519424275,-1.8470220781820295,-1.6192354018340362,461.7555195455073,404.8088504585091,2.772029668989917,3.1619862029948225,1.0,41,41,0.13951295396933952,25.757493456592073,1.0,1.0,1.0,1.0,10.507140429250963,10.507140429250963,828
69,4.337785468591998,4.854656696416593,-1.3222481959647074,-1.3077150102369304,330.5620489911768,326.92875255923263,3.8721928421800325,3.9152261463087155,0.7037037037037037,27,19,0.1435846829166015,23.117096369910143,1.0,1.0,1.0,1.0,10.583005244258366,10.583005244258366,840
70,6.1299206839175895,5.807026879852249,-1.52011068256479,-1.3771348010036515,380.0276706411975,344.2837002509129,3.368175790568971,3.7178640727607495,0.9423076923076923,52,49,0.145402061752975,24.73109146920915,1.0,1.0,1.0,1.0,10.658330075579387,10.658330075579387,852
71,8.801269084292775,8.033756860803502,-1.7071744457662283,-1.6142017777062379,426.793611441557,403.5504444265595,2.9991076850391813,3.1718463396041234,1.0,47,47,0.14457149524241686,24.95582380467572,1.0,1.0,1.0,1.0,10.733126291998996,10.733126291998996,864
72,7.2283674875895185,5.889151807549449,-1.3764069583803844,-1.3687643058553276,344.10173959509615,342.1910764638319,3.7198300755647837,3.7406001735269987,1.0,47,47,0.13914672130097946,24.088853221816958,1.0,1.0,1.0,1.0,10.807404868885042,10.807404868885042,876
73,10.433700294971155,4.916162106926397,-1.7342732058873647,-1.2742772681152692,433.5683014718411,318.56931702881724,2.952245345554008,4.017963851440888,0.98,50,49,0.12592315891136727,23.777081283566286,1.0,1.0,1.0,1.0,10.88117640698836,10.88117640698836,888
74,12.946266792248935,5.66800925489891,-1.9423815123106818,-1.4491667843162774,485.5953780776704,362.29169607906925,2.6359394215553373,3.5330646930440364,1.0,46,46,0.14336474364002547,25.842926014571162,1.0,1.0,1.0,1.0,10.954451150103328,10.954451150103328,900
75,13.0388425195124,9.51858134144762,-2.164064020727847,-1.8997660211967478,541.0160051819618,474.9415052991869,2.365918915041142,2.6950687310296684,1.0,40,40,0.14597341790795326,27.960083884614974,1.0,1.0,1.0,1.0,11.027239001672182,11.027239001672182,912
76,6.975232426853229,8.555410809417177,-1.334617542404678,-1.420265027644471,333.65438560116945,355.06625691111776,3.836305036703566,3.6049609758339187,1.0,39,39,0.1327060448626677,23.519211228928146,1.0,1.0,1.0,1.0,11.099549540409292,11.099549540409292,924
77,6.891247474045183,3.3669262638626,-1.6573841495578767,-1.2517052310890548,414.34603738946913,312.9263077722637,3.089205360969459,4.090419911040324,1.0,38,38,0.12870488843570152,24.268268480286007,1.0,1.0,1.0,1.0,11.171392035015158,11.171392035015158,936
78,9.118857647059485,6.094609700822427,-1.6270455632426952,-1.2663278924536534,406.76139081067384,316.5819731134133,3.1468080032103467,4.043186626869145,1.0,39,39,0.12807856344928345,24.124489544403747,1.0,1.0,1.0,1.0,11.242775458044163,11.242775458044163,948
79,6.552639137798299,7.060869363097784,-1.423752955994858,-1.4642563299273874,355.9382389987145,366.0640824818468,3.596129495950624,3.496655534522362,1.0,41,41,0.13707486260682344,24.55265109053376,1.0,1.0,1.0,1.0,11.313708498984765,11.313708498984765,960
80,4.931390452431515,6.664537804093243,-1.333280255297264,-1.3544157366701848,333.320063824316,338.60393416754624,3.840152870829442,3.7802277848509496,1.0,36,36,0.1390339294448495,23.66087408283165,1.0,1.0,1.0,1.0,11.384199576606171,11.384199576606171,972
81,8.032767720365277,5.251234668539837,-1.6824572345815951,-1.4047661061063117,420.6143086453988,351.19152652657795,3.0431679895110535,3.644734862084238,1.0,41,41,0.13779830715308586,26.71093367620682,1.0,1.0,1.0,1.0,11.45425685062109,11.45425685062109,984
82,7.974215774331242,8.114007280018996,-1.520145826756002,-1.5836968844037935,380.03645668900054,395.9242211009484,3.3680979218461573,3.2329418908514813,1.0,29,29,0.14344673696905375,26.11272921774764,1.0,1.0,1.0,1.0,11.523888232710352,11.523888232710352,996
83,5.543446555345629,5.564625112514477,-1.5827360558479597,-1.575016712197922,395.68401396199005,393.75417804948046,3.234904506713174,3.250759157250519,1.0,35,35,0.13672979486485323,25.60580440617774,1.0,1.0,1.0,1.0,11.593101396951557,11.593101396951557,1008
84,5.92688638321124,2.821953890748167,-1.4549922064191803,-1.1694405096580034,363.74805160479514,292.3601274145009,3.518919192426889,4.378161999448194,1.0,48,48,0.14767747900138298,23.294795874027546,1.0,1.0,1.0,1.0,11.661903789690607,11.661903789690607,1020
85,10.673202518761778,12.6729683890444,-2.011897336208157,-1.9735529712808126,502.9743340520392,493.3882428202032,2.5448614637811073,2.594305840535499,1.0,33,33,0.13548893698801598,27.965049478002026,1.0,1.0,1.0,1.0,11.73030263889215,11.73030263889215,1032
86,3.2774677175718048,4.199503855847676,-1.2058932005615184,-1.1468332228374774,301.47330014037965,286.7083057093693,4.245815464931633,4.464467804073703,1.0,49,49,0.1425854933137695,22.63486503593961,1.0,1.0,1.0,1.0,11.798304963002106,11.798304963002106,1044
87,13.017429382617896,8.108873094820106,-1.8989842583076966,-1.6617700327751652,474.7460645769241,415.4425081937913,2.6961782213838634,3.0810520703936217,1.0,29,29,0.14478157088160515,27.416485036795706,1.0,1.0,1.0,1.0,11.865917579353066,11.865917579353066,1056
88,5.161412292082484,5.649692425082321,-1.407865970253166,-1.2558883274987198,351.96649256329147,313.97208187468,3.6367098205231203,4.076795593918137,1.0,51,51,0.14308440250655016,22.35592846614873,1.0,1.0,1.0,1.0,11.933147112141045,11.933147112141045,1068
89,4.454128230378653,4.112076676043216,-1.4443131645993332,-1.3546532438400998,361.0782911498332,338.663310960025,3.5449375699766192,3.7795650091872166,1.0,43,43,0.13249864584455887,24.422870135050363,1.0,1.0,1.0,1.0,12.000000000000005,12.000000000000005,1080
90,6.604462203181659,7.586595646959419,-1.6731696245028225,-1.5705267260063904,418.29240612570567,392.63168150159754,3.0600603340031305,3.260052767786626,1.0,37,37,0.14999596929798523,25.908665213397114,1.0,1.0,1.0,1.0,12.06648250319869,12.06648250319869,1092
91,11.798608915259441,4.879787901455226,-1.899835030039629,-1.4519234346263659,474.9587575099072,362.98085865659147,2.6949708364379417,3.526356747122528,1.0,32,32,0.12895486472795406,25.370110926694043,1.0,1.0,1.0,1.0,12.132600710482487,12.132600710482487,1104
92,7.527709516735437,5.144659108210665,-1.4420685129256443,-1.3268866531363537,360.51712823141105,331.7216632840884,3.5504554423788304,3.8586566440305123,1.0,36,36,0.14585296778629223,23.751030035370473,1.0,1.0,1.0,1.0,12.198360545581531,12.198360545581531,1116
93,6.846529744681902,5.191845598009725,-1.4784795452301,-1.31884358162109,369.61988630752506,329.7108954052724,3.463017135758316,3.8821889656593114,1.0,51,51,0.143687481371065,23.43474176239935,1.0,1.0,1.0,1.0,12.26376777340472,12.26376777340472,1128
94,6.274801591876894,9.120400016157268,-1.5219580687505132,-1.6249333172008953,380.4895171876282,406.2333293002239,3.3640874246971757,3.1508985296822485,1.0,42,42,0.13306513987481594,25.381017511131372,1.0,1.0,1.0,1.0,12.32882800593796,12.32882800593796,1140
95,12.06032623234205,6.401285250554793,-1.8403699813590115,-1.5371382356300185,460.0924953397528,384.28455890750456,2.7820492900124156,3.330865033034257,1.0,32,32,0.14581202963987985,25.89949561041841,1.0,1.0,1.0,1.0,12.39354670786374,12.39354670786374,1152
96,12.182910644294074,10.052707892493345,-2.0416744661963744,-1.7844166310822533,510.41861654909354,446.1041577705632,2.5077455220070046,2.86928507099528,1.0,38,38,0.1365386371811231,28.793647222594544,1.0,1.0,1.0,1.0,12.457929201917956,12.457929201917956,1164
97,7.466314357084532,5.193016179410431,-1.413268862275988,-1.2601444387360008,353.31721556899697,315.03610968400017,3.6228067685256544,4.063026302870219,1.0,52,52,0.1427551992237568,23.392188056442382,1.0,1.0,1.0,1.0,12.52198067399883,12.52198067399883,1176
98,7.50232379247124,6.385571136346698,-1.6009217734217123,-1.5036096973639206,400.2304433554282,375.9024243409802,3.1981575146278534,3.405138985852656,1.0,33,33,0.13038413443913063,25.797445081506243,1.0,1.0,1.0,1.0,12.585706178041825,12.585706178041825,1188
99,8.558295077799508,5.032536414529507,-1.6391358706729078,-1.3795363771418863,409.783967668227,344.8840942854716,3.1235970681906355,3.711391801503328,1.0,42,42,0.12831086541215578,25.04765765658107,1.0,1.0,1.0,1.0,12.649110640673523,12.649110640673523,1200
100,5.278536178559686,5.480672850409367,-1.4114650592272213,-1.3827451209835655,352.8662648068053,345.68628024589134,3.627436589045432,3.70277929193348,1.0,26,26,0.1264742249622941,24.572003526460943,1.0,1.0,1.0,1.0,12.71219886565657,12.71219886565657,1212
101,5.462704612175003,4.044856771904354,-1.4566121859153836,-1.1299498660147351,364.15304647884585,282.4874665036837,3.515005606507694,4.531174483039616,1.0,40,40,0.1296437829732895,24.61149503372134,1.0,1.0,1.0,1.0,12.774975538137056,12.774975538137056,1224
102,11.35326097991007,8.612752397396738,-1.7732115251304839,-1.6979074933466574,443.302881282621,424.47687333666437,2.887416378383418,3.0154764143882966,1.0,47,47,0.14541971869766712,26.229098048211426,1.0,1.0,1.0,1.0,12.837445228704977,12.837445228704977,1236
103,7.216014427520956,9.101140664618773,-1.65373047282424,-1.5905452415754746,413.43261820606,397.6363103938686,3.0960305104955026,3.219021921645255,1.0,37,37,0.15011868625879288,26.441985421865315,1.0,1.0,1.0,1.0,12.899612397277686,12.899612397277686,1248
104,8.421879149158485,9.842729936547888,-1.7468622905826752,-1.6577164247306684,436.7155726456688,414.42910618266706,2.9309694459614195,3.0885861560018353,1.0,50,50,0.13995017452786365,26.25142342459432,1.0,1.0,1.0,1.0,12.961481396815728,12.961481396815728,1260
105,13.417644035226354,9.966958864514405,-2.0975358013194754,-1.8733967144114043,524.3839503298688,468.34917860285105,2.440959528213638,2.7330036188350175,1.0,49,49,0.1396509539335966,26.89820782017571,1.0,1.0,1.0,1.0,13.023056476879772,13.023056476879772,1272
106,8.80446991417557,9.070549758529523,-1.7701332003814747,-1.8253100769401016,442.5333000953687,456.3275192350254,2.8924376984153555,2.805002867558275,1.0,32,32,0.1388559186210235,27.87295081197735,1.0,1.0,1.0,1.0,13.084341787036909,13.084341787036909,1284
107,7.041706552845426,5.385604515865755,-1.5318148405464775,-1.4189690520116987,382.95371013661935,354.74226300292474,3.342440525105131,3.6082534659521155,1.0,35,35,0.15353469426433244,24.453948030804657,1.0,1.0,1.0,1.0,13.145341380123993,13.145341380123993,1296
108,8.869631156558171,5.0604647742050775,-1.6401475186105963,-1.3885546694572373,410.0368796526491,347.13866736430936,3.1216704240953037,3.6872873014076726,1.0,34,34,0.13610799175997576,25.193805413687965,1.0,1.0,1.0,1.0,13.20605921537535,13.20605921537535,1308
109,9.387478943060463,6.122371688601561,-1.8696675187996672,-1.5282897320558775,467.4168796999168,382.0724330139694,2.738454804674072,3.3501501008663466,1.0,39,39,0.1264602728188038,27.23847305107705,1.0,1.0,1.0,1.0,13.266499161421606,13.266499161421606,1320
110,7.396780486102216,5.157799606179954,-1.5410329077414773,-1.275850656312027,385.2582269353693,318.9626640780068,3.322446895377349,4.013008869548939,1.0,32,32,0.13377631766100725,25.388306284001846,1.0,1.0,1.0,1.0,13.326664999166153,13.326664999166153,1332
111,9.555692463026693,5.201684755738825,-1.6155763125745983,-1.3782294324299758,403.89407814364955,344.55735810749394,3.1691477277484457,3.714911232865529,1.0,49,49,0.14291180608173212,24.78871751314931,1.0,1.0,1.0,1.0,13.386560424545216,13.386560424545216,1344
112,8.145501177059487,6.18201854689202,-1.5548468387844288,-1.4305756540191679,388.71170969610716,357.6439135047919,3.292928841790481,3.5789788436672216,1.0,38,38,0.13878913099567095,25.880988337539108,1.0,1.0,1.0,1.0,13.446189051177296,13.446189051177296,1356
113,10.58800353234013,7.255823695129948,-1.8181697167865654,-1.609418405589435,454.5424291966413,402.35460139735886,2.8160187427657153,3.1812734228827493,1.0,61,61,0.1289115228379766,26.821231847459433,1.0,1.0,1.0,1.0,13.505554412907314,13.505554412907314,1368
114,8.984510983844908,7.865081797741975,-1.5804453119627488,-1.385051021302166,395.1113279906872,346.26275532554155,3.239593272380613,3.6966147248398062,1.0,56,56,0.13059963441143432,24.138453413447916,1.0,1.0,1.0,1.0,13.564659966250543,13.564659966250543,1380
115,6.845305627794005,6.463169854405957,-1.534237441215799,-1.4958232736140893,383.55936030394975,373.95581840352224,3.3371627249186937,3.4228642449381494,1.0,28,28,0.14445429605742297,25.065430304720525,1.0,1.0,1.0,1.0,13.623509092741129,13.623509092741129,1392
116,5.786503871049111,4.889171310409438,-1.4050041493711352,-1.3968180756029511,351.25103734278383,349.2045189007377,3.644117351747079,3.6654737574110356,1.0,40,40,0.14436531128982702,24.132124640696627,1.0,1.0,1.0,1.0,13.682105101189663,13.682105101189663,1404
117,8.99015896837227,8.693528839813856,-1.7410220285948175,-1.657161621719822,435.25550714870434,414.29040542995546,2.940801389016521,3.089620187249089,1.0,37,37,0.14303838709990183,26.098513136597735,1.0,1.0,1.0,1.0,13.740451229854143,13.740451229854143,1416
118,3.1507896430169544,5.346945386894125,-1.3664170610166682,-1.228946303369071,341.60426525416705,307.2365758422678,3.7470258137661996,4.166170634114668,1.0,27,27,0.12849716997394958,24.10359791829762,1.0,1.0,1.0,1.0,13.798550648528279,13.798550648528279,1428
119,3.4931908170304573,3.021319813638305,-1.2557907946921265,-1.1330653818239,313.94769867303165,283.266345455975,4.077112224138603,4.518715408777484,1.0,68,68,0.13063730765134096,21.991676767128144,1.0,1.0,1.0,1.0,13.856406460551025,13.856406460551025,1440
120,9.095220782483617,4.949034713150468,-1.4268214126038294,-1.1707389475182588,356.7053531509573,292.6847368795647,3.5883958249942647,4.373306287326832,1.0,39,39,0.14191770243148008,22.680119689599024,1.0,1.0,1.0,1.0,13.914021704740875,13.914021704740875,1452
121,4.010488188747938,3.8351886834328375,-1.3522532137820196,-1.2141544716672434,338.06330344550486,303.53861791681084,3.786273123862832,4.2169263627299065,1.0,42,42,0.1345014957090219,22.999985683886877,1.0,1.0,1.0,1.0,13.971399357258392,13.971399357258392,1464
122,4.489562314236537,7.41579514873835,-1.269425287512317,-1.4262055082818879,317.3563218780792,356.551377070472,4.033321259917254,3.589945467373723,1.0,32,32,0.1410848048205177,23.530818629960493,1.0,1.0,1.0,1.0,14.028542333400154,14.028542333400154,1476
123,5.204946272851278,3.409921866574829,-1.4730803640771317,-1.3754692311649517,368.270091019283,343.8673077912379,3.4757098966610838,3.7223660726046366,1.0,46,46,0.1464426008363565,25.42127408227191,1.0,1.0,1.0,1.0,14.085453489327215,14.085453489327215,1488
124,4.136715593544068,4.1149624876561575,-1.3254937859709954,-1.2170401060651728,331.3734464927488,304.26002651629324,3.8627114319131457,4.20692791838515,1.0,38,38,0.14148248576869568,23.394990744845728,1.0,1.0,1.0,1.0,14.142135623730958,14.142135623730958,1500
125,8.947416273954635,5.902111369767226,-1.804587232119599,-1.5151673392366014,451.1468080298998,378.7918348091503,2.8372139117853803,3.379164708354689,1.0,37,37,0.13006668786207834,26.55662557717095,1.0,1.0,1.0,1.0,14.198591479439086,14.198591479439086,1512
126,5.256452308424438,2.9896227051892006,-1.465556315288561,-1.1455998219223102,366.3890788221402,286.39995548057755,3.493553913001219,4.469274437742726,1.0,41,41,0.13984176237136126,23.50954038486914,1.0,1.0,1.0,1.0,14.254823744964376,14.254823744964376,1524
127,4.332076755197098,5.838836326419066,-1.2985333971937199,-1.3691333336836669,324.63334929842995,342.2833334209167,3.942909755779027,3.7395919550250007,1.0,42,42,0.1381300212815404,24.437337244317387,1.0,1.0,1.0,1.0,14.31083505599866,14.31083505599866,1536
128,5.12016940722242,7.126192041357474,-1.4257373468326813,-1.5186881965864523,356.4343367081703,379.67204914661306,3.5911242778161316,3.371330607236033,1.0,52,52,0.1489999182522297,24.81957278967261,1.0,1.0,1.0,1.0,14.366627996854385,14.366627996854385,1548
129,6.632260360444586,6.341169946206112,-1.5998573671626641,-1.5288630031456165,399.9643417906661,382.21575078640416,3.2002852911070963,3.3488939096999952,0.95,40,38,0.13328217373540005,26.16965376592655,1.0,1.0,1.0,1.0,14.422205101855965,14.422205101855965,1560
130,7.344564968564858,3.9374054196135453,-1.468415028256177,-1.1959396626784906,367.10375706404426,298.9849156696227,3.486752656079991,4.281152435845278,1.0,58,58,0.1313822204247117,23.467945676692583,1.0,1.0,1.0,1.0,14.477568856683094,14.477568856683094,1572
131,13.444272946954394,3.789915517632229,-2.025654234961051,-1.3675658754579667,506.4135587402627,341.8914688644916,2.527578454226393,3.7438781501369576,1.0,54,54,0.13085941690951586,26.40781888118183,1.0,1.0,1.0,1.0,14.532721699667967,14.532721699667967,1584
132,7.651502309987943,6.092831624516596,-1.8319269728150704,-1.7368927396612275,457.9817432037676,434.22318491530694,2.7948712344860778,2.94779285046619,1.0,36,36,0.12277874009062846,27.8289067777378,1.0,1.0,1.0,1.0,14.587666023048383,14.587666023048383,1596
133,5.184919677286719,6.41514660170166,-1.4168535727757547,-1.5005826534654265,354.21339319393866,375.1456633663567,3.613640885959316,3.4120079878145573,1.0,38,38,0.13404569247116646,25.991826606045304,1.0,1.0,1.0,1.0,14.642404174178509,14.642404174178509,1608
134,5.71456904298005,3.2503076295445985,-1.5459031135292516,-1.297025516732692,386.4757783823129,324.25637918317307,3.3119798745415485,3.947493656792255,1.0,49,49,0.14384846203029156,23.695558126241792,1.0,1.0,1.0,1.0,14.696938456699076,14.696938456699076,1620
135,6.703843564338361,5.189738160911172,-1.4647416545831184,-1.2847677000417266,366.1854136457796,321.19192501043165,3.495496959467032,3.985156226945706,1.0,56,56,0.13640961485604444,23.448382230915342,1.0,1.0,1.0,1.0,14.751271131668627,14.751271131668627,1632
136,8.235433408253206,5.322750677194563,-1.5265842717242506,-1.2956202585877354,381.64606793106265,323.90506464693385,3.3538928016185103,3.9517751949795477,1.0,25,25,0.13837498612701893,24.30647610281403,1.0,1.0,1.0,1.0,14.805404418657407,14.805404418657407,1644
137,5.9567877016185475,4.7422064378042705,-1.4948100816752847,-1.2165065622635625,373.7025204188212,304.12664056589057,3.425184284455615,4.208773021719817,1.0,35,35,0.142312147654593,22.99697218613804,1.0,1.0,1.0,1.0,14.859340496805377,14.859340496805377,1656
138,10.806254792803278,7.457183748212022,-1.789786411595091,-1.511557696303876,447.4466028987727,377.8894240759691,2.8606765404129764,3.38723425015111,1.0,28,28,0.14249496161937714,27.007740625764043,1.0,1.0,1.0,1.0,14.913081505845806,14.913081505845806,1668
139,11.473310776830962,7.370181089906207,-2.040846251861684,-1.7187041212564926,510.2115629654211,429.6760303141232,2.508763212970833,2.978988609311603,1.0,43,43,0.13518075769146284,28.64868093890924,1.0,1.0,1.0,1.0,14.966629547095774,14.966629547095774,1680
140,7.926530659353982,10.105986069266995,-1.644166319182342,-1.6894868288567981,411.0415797955855,422.3717072141996,3.114040191837903,3.0305060167083275,1.0,34,34,0.12961261936773857,25.2720047372698,1.0,1.0,1.0,1.0,15.019986684414878,15.019986684414878,1692
141,5.964865842834115,8.555857280264414,-1.521902338058607,-1.5554337178948971,380.47558451465176,388.8584294737243,3.3642106145465647,3.2916863901660425,1.0,29,29,0.13175101795544228,24.735423048719905,1.0,1.0,1.0,1.0,15.073154945133426,15.073154945133426,1704
142,10.464998117104793,6.358285527598734,-1.7655443255367784,-1.4214634681210694,441.3860813841946,355.36586703026734,2.8999555128378702,3.601921621501649,1.0,46,46,0.12303132005035877,25.10018270326447,1.0,1.0,1.0,1.0,15.126136320951238,15.126136320951238,1716
143,8.446502208864937,6.898086790545979,-1.7251726300673471,-1.4773570297465952,431.2931575168368,369.3392574366488,2.9678189363577636,3.4656483821505297,1.0,46,46,0.13439908437430859,25.59049563620088,1.0,1.0,1.0,1.0,15.17893276880823,15.17893276880823,1728
144,4.42786896477143,3.321336991076047,-1.3092412603025034,-1.1565264085079334,327.31031507562585,289.13160212698335,3.9106619652492554,4.427049795261877,1.0,53,53,0.13647148789217076,21.94450292682195,1.0,1.0,1.0,1.0,15.231546211727824,15.231546211727824,1740
145,12.785378461082777,4.3769447860734845,-1.9742560701583576,-1.3388266267580666,493.56401753958943,334.70665668951665,2.5933819211148825,3.824244228244807,1.0,46,46,0.1351825144762794,24.774675699788585,1.0,1.0,1.0,1.0,15.283978539634248,15.283978539634248,1752
146,7.900475103058852,4.195779309608042,-1.504845750132688,-1.2224507524890578,376.21143753317193,305.61268812226444,3.4023420669849727,4.188307782194955,1.0,33,33,0.1398337067415317,23.373775929705783,1.0,1.0,1.0,1.0,15.33623161014466,15.33623161014466,1764
147,10.667023144196719,6.18947549854056,-1.85251685436496,-1.565846319936757,463.12921359124,391.46157998418926,2.763807512971389,3.2697972558423176,1.0,56,56,0.1271134790343543,26.976962763976342,1.0,1.0,1.0,1.0,15.388307249337084,15.388307249337084,1776
148,7.774310578436901,8.066777765052393,-1.6013336117681474,-1.5661261114969285,400.3334029420368,391.53152787423215,3.1973349977626717,3.2692131000269327,1.0,17,17,0.13264199749877056,26.036505991610095,1.0,1.0,1.0,1.0,15.440207252495034,15.440207252495034,1788
149,5.778693280493219,6.650753887680669,-1.4472027528169173,-1.5023693842463264,361.8006882042293,375.5923460615816,3.5378594948317663,3.407950171034989,1.0,64,64,0.1458688462153077,24.777158239259588,1.0,1.0,1.0,1.0,15.491933384829675,15.491933384829675,1800
150,7.432132599952941,6.221708803532238,-1.6090555264585589,-1.4372704667313254,402.26388161463973,359.31761668283133,3.181990873409343,3.562307943086054,0.9111111111111111,45,41,0.1406762609258294,25.24156409946238,1.0,1.0,1.0,1.0,15.543487382180366,15.543487382180366,1812
151,8.70264941609154,4.053346304150182,-1.6999990471156934,-1.2935771149491875,424.9997617789233,323.3942787372969,3.0117663940381956,3.9580168362835613,1.0,41,41,0.15656880009919405,23.76266279836021,1.0,1.0,1.0,1.0,15.59487095169435,15.59487095169435,1824
152,7.725216310704127,8.297443212776367,-1.7153928170093298,-1.539522965346389,428.8482042523324,384.8807413365973,2.9847390925457944,3.325705504398248,1.0,42,42,0.13250892298916975,25.858874283072236,1.0,1.0,1.0,1.0,15.646085772486366,15.646085772486366,1836
153,7.073148581276958,5.358116829224552,-1.6898179538052782,-1.4776818416929807,422.45448845131955,369.42046042324506,3.0299121798714124,3.464886591645476,0.9047619047619048,21,19,0.13731770620991787,24.97193626003696,1.0,1.0,1.0,1.0,15.697133496278875,15.697133496278875,1848
154,10.110672530252486,6.139338946234299,-1.7584039204655664,-1.4275183217469083,439.6009801163916,356.8795804367271,2.9117314516930763,3.586643983479288,1.0,52,52,0.13337948049108186,25.212912314862177,1.0,1.0,1.0,1.0,15.748015748023631,15.748015748023631,1860
155,10.975540234629685,6.820014898859275,-1.8353751668289326,-1.644137239161414,458.84379170723315,411.03430979035346,2.7896203961646022,3.1140952701803877,1.0,22,22,0.1443520641575257,26.99131727942719,1.0,1.0,1.0,1.0,15.798734126505208,15.798734126505208,1872
156,11.033242042797307,6.853582391204934,-1.7679123377043708,-1.547904070169951,441.97808442609266,386.9760175424878,2.896071196973661,3.3076985187059122,1.0,43,43,0.13720642030239105,26.825379878767137,1.0,1.0,1.0,1.0,15.849290204927168,15.849290204927168,1884
157,5.364250773874422,4.021531080342053,-1.42728522061095,-1.3192410796656426,356.8213051527375,329.8102699164106,3.587229746419137,3.8810192306152627,1.0,44,44,0.14648229908198118,24.015629882681296,1.0,1.0,1.0,1.0,15.89968553148144,15.89968553148144,1896
158,8.978455482516438,7.054531430747981,-1.8275221990315649,-1.5608693083938308,456.8805497578913,390.21732709845764,2.8016075551438853,3.2802233809495522,1.0,56,56,0.13166968245059252,25.852152050239415,1.0,1.0,1.0,1.0,15.949921629901517,15.949921629901517,1908
159,6.892682605345423,6.371307781237799,-1.598564632173881,-1.5209327411907385,399.6411580434703,380.23318529768466,3.2028733133156675,3.366355303779936,0.9803921568627451,51,50,0.140273446838061,24.738871245456266,1.0,1.0,1.0,1.0,16.000000000000007,16.000000000000007,1920
160,8.047124091225365,8.508972710493254,-1.7334235146016763,-1.6266550014817895,433.3558786504191,406.66375037044736,2.953692480153372,3.1475635554779426,1.0,54,54,0.13737380473564068,25.62516829936639,1.0,1.0,1.0,1.0,16.049922118191112,16.049922118191112,1932
161,8.739455153234303,8.566875635044804,-1.7184813327316595,-1.80198850144485,429.62033318291486,450.4971253612125,2.9793748133774387,2.8413055887397394,1.0,25,25,0.1458890646075209,27.50814120025734,1.0,1.0,1.0,1.0,16.099689437998496,16.099689437998496,1944
162,7.500452444578211,4.575290182110621,-1.6374306117989537,-1.3847066469341833,409.35765294973845,346.17666173354587,3.126850055878057,3.697534067115198,1.0,19,19,0.13598797842860222,25.27132830158311,1.0,1.0,1.0,1.0,16.14930339054909,16.14930339054909,1956
163,6.322537576779723,3.7123473280880717,-1.6009541604663706,-1.2230203591661664,400.2385401165927,305.7550897915416,3.198092816416745,4.186357129402756,0.8484848484848485,33,28,0.1400165008381009,25.000568653758283,1.0,1.0,1.0,1.0,16.198765385053278,16.198765385053278,1968
164,6.9412715480042,8.766470656283976,-1.4821598085398773,-1.547655276460053,370.5399521349693,386.9138191150132,3.454418322841904,3.308230248606111,0.8809523809523809,42,37,0.1480994407708446,24.730460897965646,1.0,1.0,1.0,1.0,16.24807680927193,16.24807680927193,1980
165,10.05287735342669,10.152165668046413,-1.7772933444880705,-1.5797934629884276,444.3233361220177,394.9483657471069,2.880784995835765,3.2409299822742117,0.9655172413793104,29,28,0.1374245552966992,26.52568587913642,1.0,1.0,1.0,1.0,16.2972390299707,16.2972390299707,1992
166,7.919956955360249,5.382604495670724,-1.5474913629302538,-1.3648485698182486,386.8728407325635,341.2121424545621,3.308580663290436,3.7513319156584606,0.8653846153846154,52,45,0.13304825065036616,24.71417298633843,1.0,1.0,1.0,1.0,16.346253393362048,16.346253393362048,2004
167,7.131123892652492,3.9935906654767073,-1.3910355406702912,-1.2107160163671722,347.75888516757277,302.67900409179305,3.6807111323215027,4.228902509576833,1.0,42,42,0.1498190863057971,23.480482412364378,1.0,1.0,1.0,1.0,16.395121225535366,16.395121225535366,2016
168,6.104031637854253,3.8069462135184344,-1.537318526595284,-1.2916542852751765,384.329631648821,322.91357131879414,3.3304744016448686,3.9639089641615866,1.0,47,47,0.13658969787259898,25.585826817512157,1.0,1.0,1.0,1.0,16.443843832875583,16.443843832875583,2028
169,11.115150007419288,8.921209775435273,-1.796443804216359,-1.656638447185574,449.1109510540898,414.15961179639345,2.8500752364104343,3.09059590443422,1.0,50,50,0.14424821237723032,26.455624242513625,1.0,1.0,1.0,1.0,16.49242250247065,16.49242250247065,2040
170,8.567781584259743,3.5984451914652404,-1.6392040916449002,-1.229024836384223,409.8010229112251,307.2562090960557,3.123467069230048,4.165904421478562,1.0,36,36,0.14796834345906973,24.27650832252286,1.0,1.0,1.0,1.0,16.540858502508275,16.540858502508275,2052
171,7.687111508722107,5.355787406052211,-1.6698060845249323,-1.48468332988314,417.45152113123305,371.17083247078494,3.066224304396797,3.4485468361815568,1.0,35,35,0.14178191187481085,25.900609559601364,1.0,1.0,1.0,1.0,16.589153082662186,16.589153082662186,2064
172,13.023889715084806,11.090327393457605,-2.105343807656795,-1.9283307255504187,526.3359519141987,482.0826813876047,2.4319068369638193,2.6551462008875877,1.0,38,38,0.1446721631412705,28.5169572867343,1.0,1.0,1.0,1.0,16.637307474468347,16.637307474468347,2076
173,7.8005300485529006,5.912649103673175,-1.608683585446187,-1.5195590455153987,402.17089636154674,379.8897613788497,3.182726576140148,3.3693985206500585,1.0,34,34,0.15199293134113154,25.237674620516003,1.0,1.0,1.0,1.0,16.685322891691378,16.685322891691378,2088
174,4.902531591632093,4.972205457704452,-1.395229075168774,-1.4247238048157114,348.8072687921935,356.18095120392786,3.6696482972738074,3.593678987249233,1.0,33,33,0.13780628020564714,25.102093720481815,1.0,1.0,1.0,1.0,16.733200530681522,16.733200530681522,2100
175,8.128847908345051,5.343414613006947,-1.5946133184034441,-1.5079115814895634,398.6533296008611,376.97789537239095,3.2108097561396485,3.3954245479978993,1.0,41,41,0.13021274966498217,25.682840356218765,1.0,1.0,1.0,1.0,16.780941570722433,16.780941570722433,2112
176,9.661363132239785,7.373542800856133,-1.8188221681811985,-1.5367845199294898,454.70554204529964,384.19612998237244,2.8150085750933758,3.331631685250782,1.0,47,47,0.14459214266389608,25.98784771967358,1.0,1.0,1.0,1.0,16.828547174370115,16.828547174370115,2124
177,7.9754985987674445,3.643522780543814,-1.7182686775445923,-1.400393968480439,429.5671693861482,350.0984921201097,2.9797435447153027,3.656114004515236,1.0,55,55,0.1314962242419521,25.55432770059423,1.0,1.0,1.0,1.0,16.8760184877832,16.8760184877832,2136
178,7.301671634893864,4.221639527803442,-1.6081670656396023,-1.2553481844207435,402.0417664099006,313.83704610518583,3.183748821496768,4.078549731095144,0.8292682926829268,41,34,0.14092197082936764,24.051523496356882,1.0,1.0,1.0,1.0,16.923356641044954,16.923356641044954,2148
179,8.28058425600951,4.0145924151487025,-1.5551021035785648,-1.2169776434605095,388.77552589464113,304.24441086512735,3.2923883185663345,4.207143843202526,1.0,27,27,0.14832161211719117,23.87117619213357,1.0,1.0,1.0,1.0,16.97056274847715,16.97056274847715,2160
180,4.466364916103582,4.0627626643981785,-1.3764972019247086,-1.336974611875844,344.12430048117716,334.24365296896104,3.7195862024571356,3.829541679042339,1.0,27,27,0.1425382842620214,23.071353272347096,1.0,1.0,1.0,1.0,17.017637908946128,17.017637908946128,2172
181,9.143293598822007,6.436443232077484,-1.8352870541979067,-1.5767241074152423,458.82176354947666,394.18102685381047,2.7897543265991396,3.247238991222965,1.0,44,44,0.1376500059850514,26.6538359306174,1.0,1.0,1.0,1.0,17.06458320616124,17.06458320616124,2184
182,9.720677628337095,9.538111857367767,-1.8979513510572097,-1.7581921234152997,474.4878377643024,439.5480308538249,2.6976455414139164,2.912082207520283,1.0,30,30,0.13466628920286894,26.924057447889947,1.0,1.0,1.0,1.0,17.111399708965962,17.111399708965962,2196
183,10.07822871406097,10.329760601588836,-1.9251163484558609,-1.781640463735976,481.2790871139652,445.4101159339939,2.659579512743093,2.873756015432944,0.9259259259259259,54,50,0.14071915950626135,28.52460310779719,1.0,1.0,1.0,1.0,17.15808847162178,17.15808847162178,2208
184,5.875732605345547,6.2942060703256475,-1.5817532304130946,-1.3784196940501003,395.43830760327364,344.60492351252515,3.236914520897073,3.714398468115551,0.8205128205128205,39,32,0.1338428429638346,26.172470563958075,1.0,1.0,1.0,1.0,17.204650534085264,17.204650534085264,2220
185,10.326745759695768,6.289962241455214,-1.9203756199991473,-1.42308761147382,480.0939049997869,355.7719028684551,2.6661450742653527,3.5978108155248947,1.0,46,46,0.13502967171370983,26.509765577578047,1.0,1.0,1.0,1.0,17.25108692227827,17.25108692227827,2232
186,4.574875522831765,4.123373668796073,-1.437734251438321,-1.4133529157608147,359.43356285958026,353.33822894020363,3.561158812818092,3.6225913166520622,1.0,34,34,0.12889007199555635,24.875515883872524,1.0,1.0,1.0,1.0,17.29739864835173,17.29739864835173,2244
187,6.498000889240454,11.536529089401787,-1.5709506082357692,-1.8310721444573952,392.7376520589423,457.7680361143487,3.2591731230493197,2.796176008410209,1.0,48,48,0.14223719170937935,25.160277477603724,1.0,1.0,1.0,1.0,17.34358671094305,17.34358671094305,2256
188,9.31575964903459,5.1096697471415,-1.7489880861300768,-1.367410665544808,437.2470215325192,341.852666386202,2.927407019294706,3.7443031044079755,1.0,39,39,0.13069753690312305,25.373230853784747,1.0,1.0,1.0,1.0,17.389652095427337,17.389652095427337,2268
189,12.405696342078349,8.132806765691688,-2.0721108873588343,-1.7033007653019308,518.0277218397085,425.82519132548276,2.470910235178622,3.0059283153626817,1.0,38,38,0.1376793443535765,28.018891337332544,1.0,1.0,1.0,1.0,17.435595774162703,17.435595774162703,2280
190,8.10172015738984,9.440031226452751,-1.658604980288154,-1.6144796482983688,414.65124507203853,403.61991207459215,3.0869315242924737,3.171300428219324,1.0,32,32,0.12739655934274197,25.51384776241319,1.0,1.0,1.0,1.0,17.481418706729738,17.481418706729738,2292
191,3.859143881049628,6.561031988899534,-1.4480103303428074,-1.6218155404691685,362.0025825857019,405.45388511729215,3.535886376437571,3.1569558141728344,1.0,42,42,0.1292764755586783,25.697718748649347,1.0,1.0,1.0,1.0,17.527121840165325,17.527121840165325,2304
192,5.286686641047709,6.224164400792991,-1.5089703591587877,-1.4154564467629838,377.2425897896969,353.86411169074603,3.3930421289747987,3.617207729498819,1.0,32,32,0.1373686237881581,24.165207986076638,1.0,1.0,1.0,1.0,17.572706109191046,17.572706109191046,2316
193,10.28404335200321,5.062716713446814,-1.7766597433856297,-1.5965394811284834,444.1649358464074,399.13487028212086,2.8818123554954034,3.2069360391770743,1.0,37,37,0.146055458423992,26.860681961106167,1.0,1.0,1.0,1.0,17.618172436436204,17.618172436436204,2328
194,5.847603932178269,7.974506952877467,-1.7049969450602582,-1.6709086296710394,426.2492362650646,417.7271574177598,3.00293793184424,3.0642010634704793,0.8157894736842105,38,31,0.14810891480495533,26.93751593979344,1.0,1.0,1.0,1.0,17.663521732655703,17.663521732655703,2340
195,6.089291128019492,4.511870339178131,-1.5629070998550105,-1.335585757413573,390.72677496375263,333.8964393533933,3.275946472106357,3.833523958742364,1.0,37,37,0.15129651377598444,23.37140289981922,1.0,1.0,1.0,1.0,17.708754896942935,17.708754896942935,2352
196,10.254841339153549,7.8287873968559625,-1.8507093484310413,-1.585526879092111,462.67733710776037,396.3817197730278,2.7665068014815692,3.229210470989785,1.0,30,30,0.1518355766311288,27.07492642790307,1.0,1.0,1.0,1.0,17.75387281693773,17.75387281693773,2364
197,6.585408327712988,7.247841527219862,-1.6587405808495814,-1.5429420252372126,414.68514521239535,385.73550630930316,3.0866791703966237,3.3183359557614285,1.0,34,34,0.1526049648722013,24.989750692853065,1.0,1.0,1.0,1.0,17.7988763690296,17.7988763690296,2376
198,10.902622625852624,7.23864975128284,-1.997885357989201,-1.700370657856908,499.4713394973002,425.092664464227,2.562709606697901,3.01110818182024,1.0,42,42,0.1454737987369299,27.417291382657353,1.0,1.0,1.0,1.0,17.84376641855638,17.84376641855638,2388
199,3.540525909823676,2.9228099454582357,-1.2661725132072563,-1.1473529481425375,316.5431283018141,286.8382370356344,4.0436827893466685,4.462445499694602,1.0,45,45,0.15041678802420697,22.635560909725104,1.0,1.0,1.0,1.0,17.888543819998326,17.888543819998326,2400
200,7.284599737729877,3.411966789746657,-1.5942403192572856,-1.3332333128434333,398.5600798143214,333.3083282108583,3.2115609787019266,3.840288080621386,1.0,38,38,0.13409413459400335,25.448212959237654,1.0,1.0,1.0,1.0,17.933209417167927,17.933209417167927,2412
201,6.805635785140718,7.340978761397612,-1.6034422734073412,-1.4980413330079976,400.86056835183535,374.5103332519993,3.1931302329455957,3.417796216422999,1.0,40,40,0.13874409751345715,25.309806052500736,1.0,1.0,1.0,1.0,17.977764043395396,17.977764043395396,2424
202,9.412425574070463,7.517556308613469,-1.826316157434534,-1.515044567332362,456.5790393586335,378.7611418330905,2.803457648423904,3.379438539563967,0.926829268292683,41,38,0.1331050687779983,24.878968016740142,1.0,1.0,1.0,1.0,18.022208521710105,18.022208521710105,2436
203,5.523085948390265,1.6674846170644742,-1.4447177385181635,-1.0749881357804751,361.1794346295408,268.7470339451188,3.5439448575273587,4.762843262714448,0.967741935483871,31,30,0.1411110321059823,23.880460149947,1.0,1.0,1.0,1.0,18.066543665017953,18.066543665017953,2448
204,8.996971224667504,3.726944822119549,-1.6583334717474534,-1.3863784395267373,414.5833679368634,346.5946098816844,3.0874369282342515,3.6930753205797067,1.0,33,33,0.13233366267134747,25.51513738713361,1.0,1.0,1.0,1.0,18.110770276274845,18.110770276274845,2460
205,7.345866783211629,7.827913829849422,-1.42673772611855,-1.3526457007868145,356.68443152963755,338.16142519670365,3.588606305329148,3.7851744895368897,1.0,53,53,0.12739552619556585,24.028139169950695,1.0,1.0,1.0,1.0,18.15488914865636,18.15488914865636,2472
206,9.566455866054943,9.84800107395616,-1.5998278309192002,-1.6318831248733847,399.9569577298,407.9707812183462,3.2003443752183283,3.137479591497861,1.0,38,38,0.13263484183698893,25.780114765130747,1.0,1.0,1.0,1.0,18.19890106572373,18.19890106572373,2484
207,8.814645217265934,10.323602951641078,-1.9834326269329157,-1.8070335425300195,495.85815673322895,451.7583856325048,2.581383370665491,2.833372972607643,1.0,33,33,0.1441045794636011,28.535637647752726,1.0,1.0,1.0,1.0,18.24280680158622,18.24280680158622,2496
208,7.964773570730661,6.639335574276629,-1.7206117134762169,-1.4240545792362054,430.1529283690542,356.0136448090513,2.975685891185682,3.5953678143053502,0.896551724137931,29,26,0.13552228780463338,25.77847593287895,1.0,1.0,1.0,1.0,18.286607121059948,18.286607121059948,2508
209,8.863607235563299,4.9714460088950245,-1.532661607957541,-1.3038501131631501,383.1654019893853,325.9625282907875,3.3405938880553188,3.9268317334258938,1.0,39,39,0.1385771812250217,23.988520184685314,1.0,1.0,1.0,1.0,18.33030277982337,18.33030277982337,2520
210,12.250468519050628,6.289419911297348,-2.0137966236434584,-1.5809137131357855,503.44915591086465,395.22842828394636,2.542461309095179,3.2386334291732726,1.0,54,54,0.14290490187704563,27.936201417195367,1.0,1.0,1.0,1.0,18.373894524569373,18.373894524569373,2532
211,11.048290559789166,7.290034593626236,-1.9285846777761788,-1.5508698383308481,482.1461694440446,387.7174595827121,2.654796576473787,3.301373122009061,1.0,59,59,0.14088483403126398,26.20751439446546,1.0,1.0,1.0,1.0,18.41738309315415,18.41738309315415,2544
212,4.489114764534558,4.480154566156368,-1.4416105462096926,-1.3644672628816037,360.4026365524231,341.1168157204009,3.5515833409110344,3.7523802433977993,1.0,45,45,0.13910266136129698,23.92385502338011,1.0,1.0,1.0,1.0,18.460769214742932,18.460769214742932,2556
213,7.017564250233893,6.14418027709083,-1.522659137556131,-1.4708029647583392,380.6647843890328,367.70074118958473,3.362538518120085,3.481091704789461,1.0,57,57,0.15101074458410343,24.353145044418067,1.0,1.0,1.0,1.0,18.504053609952614,18.504053609952614,2568
214,11.168731930394037,8.305266530883577,-1.9889962357341797,-1.6919640354677312,497.2490589335448,422.9910088669328,2.5741627399863343,3.026069049147734,1.0,26,26,0.13320496243735155,28.039094466094422,1.0,1.0,1.0,1.0,18.54723699099142,18.54723699099142,2580
215,7.207626704669868,6.240085375146009,-1.4610377023649885,-1.4026394691524342,365.2594255912472,350.6598672881085,3.5043585745338612,3.6502608921263544,1.0,43,43,0.140849898258845,23.504637908771524,1.0,1.0,1.0,1.0,18.590320061795612,18.590320061795612,2592
216,5.600979117055734,4.947518003522418,-1.5027136795213687,-1.3098458574311656,375.6784198803421,327.46146435779133,3.40716935619484,3.908856886444033,1.0,50,50,0.13524346984922886,22.965277495762223,1.0,1.0,1.0,1.0,18.633303518163395,18.633303518163395,2604
217,5.730665820185095,6.941057334343593,-1.4043415173691887,-1.4649236774127399,351.08537934229713,366.2309193531849,3.645836811541048,3.495062629503427,1.0,30,30,0.13271355535835028,24.19751785947228,1.0,1.0,1.0,1.0,18.676188047886015,18.676188047886015,2616
218,11.175049776056161,12.121568915589402,-1.7720001571575363,-1.8018649701035694,443.0000392893841,450.46624252589237,2.889390262929201,2.841500381521767,1.0,45,45,0.1340795885771513,26.617157787332157,1.0,1.0,1.0,1.0,18.718974330876154,18.718974330876154,2628
219,10.01256810881508,5.504133686384496,-1.8552915002829087,-1.5890614261261256,463.82287507072715,397.2653565315313,2.75967415320949,3.222027742805218,1.0,52,52,0.131522122460107,27.438883055324457,1.0,1.0,1.0,1.0,18.76166303929373,18.76166303929373,2640
220,7.299421696302791,8.827512430793528,-1.487216820660354,-1.6065196120538918,371.8042051650885,401.629903013473,3.4426721974046917,3.187013691948782,1.0,48,48,0.15935645267988244,24.515099320908348,1.0,1.0,1.0,1.0,18.804254837669063,18.804254837669063,2652
221,5.465354296999673,5.143123000200528,-1.6188037747568575,-1.4215666482195577,404.70094368921445,355.39166205488937,3.162829293976052,3.601660186958205,1.0,32,32,0.13959775865077972,25.13309477432838,1.0,1.0,1.0,1.0,18.846750383023604,18.846750383023604,2664
222,6.613241316905866,6.002959468518384,-1.6198078805223732,-1.457997344704099,404.95197013059334,364.4993361760248,3.160868681753077,3.5116662033695984,1.0,42,42,0.1326977073525389,25.410575166816457,1.0,1.0,1.0,1.0,18.88915032498816,18.88915032498816,2676
223,8.380324677874645,6.195942834485322,-1.7650651036114746,-1.5749283243878154,441.2662759028687,393.7320810969538,2.9007428618491407,3.2509415957009833,1.0,34,34,0.14491604889432588,26.023681626179453,1.0,1.0,1.0,1.0,18.93145530591878,18.93145530591878,2688
224,11.731331148495277,6.134011534042656,-1.9318621991564748,-1.6656981897581897,482.9655497891187,416.42454743954744,2.6502925530794013,3.073786134535737,1.0,41,41,0.14383181681235632,27.96340644591172,1.0,1.0,1.0,1.0,18.973665961010287,18.973665961010287,2700
225,4.914944615525504,5.88704494839961,-1.3237419195073785,-1.4293070545738704,330.9354798768447,357.3267636434676,3.8678234212794074,3.5821554113342446,1.0,33,33,0.1507228889192144,24.573242584291577,1.0,1.0,1.0,1.0,19.015782918407552,19.015782918407552,2712
226,6.267869064118713,3.8409019315537685,-1.5421158019375405,-1.269860189217918,385.5289504843852,317.46504730447947,3.3201138290439305,4.03193992809028,1.0,43,43,0.1391020081937313,24.028076774660473,1.0,1.0,1.0,1.0,19.057806799314566,19.057806799314566,2724
227,5.2849319640857475,3.8031378626577257,-1.3842933462674647,-1.265763898807488,346.0733365668662,316.440974701872,3.6986380190335355,4.044988172615523,1.0,53,53,0.14641977722446123,23.29468034594713,1.0,1.0,1.0,1.0,19.099738218101326,19.099738218101326,2736
228,9.078274250845425,8.621169367882734,-1.9391112267133834,-1.8072305631000634,484.77780667834577,451.8076407750159,2.6403848987445313,2.8330640840963435,1.0,37,37,0.13182745904972157,28.200720504827625,1.0,1.0,1.0,1.0,19.14157778240865,19.14157778240865,2748
229,7.853586047499751,8.799565694760531,-1.5892002348047027,-1.6570793485586892,397.30005870117566,414.2698371396723,3.221746314824323,3.0897735853466064,1.0,35,35,0.14003047284980616,25.802276732456594,1.0,1.0,1.0,1.0,19.18332609325089,19.18332609325089,2760
230,9.444756442448124,5.584403329751997,-1.8484095635668911,-1.4470831077081503,462.10239089172273,361.7707769270376,2.7699488797925795,3.5381520057330444,1.0,33,33,0.14544508016357818,26.142345641403164,1.0,1.0,1.0,1.0,19.224983745116678,19.224983745116678,2772
231,6.29012541162471,8.745414109619256,-1.549629665993144,-1.6427193524513657,387.40741649828607,410.6798381128414,3.3040152188352923,3.1167831512787774,1.0,46,46,0.13010448465744653,25.701492075476484,1.0,1.0,1.0,1.0,19.26655132606768,19.26655132606768,2784
232,5.11888070187221,2.5322514653477506,-1.5031155846964352,-1.2816874578936845,375.77889617410887,320.4218644734212,3.4062583424241586,3.9947336368682023,1.0,28,28,0.13165781584878763,24.175489499650155,1.0,1.0,1.0,1.0,19.30802941783548,19.30802941783548,2796
233,7.79418221306211,8.981417749348717,-1.7086899550080448,-1.692890569573013,427.17248875201125,423.22264239325324,2.9964476498463957,3.024412854571802,1.0,30,30,0.15095624327659607,27.013075077133333,1.0,1.0,1.0,1.0,19.34941859591653,19.34941859591653,2808
234,7.728900684198986,7.510909129986733,-1.6763331338736187,-1.6504870840567853,419.0832834684048,412.6217710141964,3.0542855095686505,3.1021145511877535,1.0,42,42,0.15213055008401474,26.783630388031494,1.0,1.0,1.0,1.0,19.390719429665324,19.390719429665324,2820
235,8.637068210169673,7.710880356821387,-1.8013869808179113,-1.6492752626762262,450.3467452044779,412.3188156690565,2.84225435984626,3.1043938606657693,1.0,38,38,0.1436977836613854,26.63261833067523,1.0,1.0,1.0,1.0,19.431932482385797,19.431932482385797,2832
236,6.388577753328718,6.260142913505358,-1.4995914410580446,-1.4947006163116452,374.8978602645113,373.67515407791126,3.4142632851969035,3.4254351300357535,1.0,40,40,0.1302485535852611,24.88326171920475,1.0,1.0,1.0,1.0,19.473058311420942,19.473058311420942,2844
237,7.2546384846791625,5.499864722107304,-1.5551692718316643,-1.3911091453583067,388.7923179579161,347.7772863395767,3.292246119272733,3.6805163829767267,1.0,49,49,0.1482147586842378,24.42152122927382,1.0,1.0,1.0,1.0,19.514097468240752,19.514097468240752,2856
238,4.864027354322995,4.70598097803304,-1.4046849642207222,-1.320888044546998,351.1712410551805,330.2220111367496,3.6449454008646174,3.8761801358842005,1.0,46,46,0.13839388824999332,23.169963695284377,1.0,1.0,1.0,1.0,19.55505049852851,19.55505049852851,2868
239,4.242131864574428,2.507071691681631,-1.3099626515857146,-1.1659391970080661,327.49066289642866,291.48479925201656,3.9085083790764727,4.391309609573559,1.0,41,41,0.1343551535780231,21.73819679563753,1.0,1.0,1.0,1.0,19.595917942265427,19.595917942265427,2880
240,8.207247925573029,7.555949255242012,-1.7825840462958462,-1.5663556883382757,445.6460115739615,391.5889220845689,2.8722348383175538,3.2687339396275537,1.0,42,42,0.1376917278394103,25.367926760715836,1.0,1.0,1.0,1.0,19.636700333813724,19.636700333813724,2892
241,5.467088075820357,7.679055611952208,-1.424977339328331,-1.4636704684227528,356.24433483208276,365.9176171056882,3.5930395934670325,3.4980551363568186,1.0,29,29,0.13323060454179844,24.14760086449094,1.0,1.0,1.0,1.0,19.677398201998148,19.677398201998148,2904
242,5.314016337661694,6.853953536371894,-1.3614247015771657,-1.4452897721826556,340.3561753942915,361.32244304566393,3.7607661988714085,3.542542193644566,1.0,39,39,0.12676495189468065,24.09291108736508,1.0,1.0,1.0,1.0,19.718012070185978,19.718012070185978,2916
243,7.1828302326612175,7.447141399211735,-1.5899164291467072,-1.56610066133916,397.47910728667676,391.52516533479,3.2202950457892023,3.269266226873264,1.0,47,47,0.14996206108480692,24.96998543567844,1.0,1.0,1.0,1.0,19.75854245636555,19.75854245636555,2928
244,13.250581247188771,10.061758395507544,-2.0836683762817,-1.70216327866554,520.917094070425,425.54081966638495,2.4572048308073975,3.007937055259453,1.0,25,25,0.1363369831815362,27.12663388529442,1.0,1.0,1.0,1.0,19.798989873223327,19.798989873223327,2940
245,6.480335971883808,3.628524490360481,-1.5381722922434022,-1.2889013329796475,384.54307306085053,322.22533324491184,3.328625815078592,3.9723754402237463,1.0,27,27,0.14880410426606736,23.83586985425103,1.0,1.0,1.0,1.0,19.839354828219587,19.839354828219587,2952
246,7.142347198212519,9.057790666546984,-1.6256294942016571,-1.7332210305898457,406.4073735504142,433.3052576474615,3.1495491551193964,2.954037546069686,1.0,32,32,0.1349169077972571,26.46603372746873,1.0,1.0,1.0,1.0,19.87963782366268,19.87963782366268,2964
247,5.570104511144261,8.516130225771727,-1.667290043187875,-1.6426123484989184,416.82251079696874,410.65308712472955,3.0708514219940457,3.11698618647233,1.0,39,39,0.1356612347687284,24.954218436815683,1.0,1.0,1.0,1.0,19.919839356781967,19.919839356781967,2976
248,10.665802574367262,3.1930206553467237,-1.7733248458832283,-1.2454194541476524,443.3312114708071,311.3548635369131,2.887231863855105,4.111064736421719,1.0,32,32,0.13963971380144358,25.36090908602473,1.0,1.0,1.0,1.0,19.95995991979943,19.95995991979943,2988
249,6.73338249597388,6.5377031311121145,-1.623456090757937,-1.5306128452621313,405.8640226894842,382.6532113155328,3.1537656171591584,3.3450653546051705,1.0,27,27,0.1329831387847662,25.22902280016857,1.0,1.0,1.0,1.0,19.999999999999993,19.999999999999993,3000
